{
    "Bolas": [
        {
            "colores": [
                105,
                198,
                103
            ],
            "posX": 143,
            "posY": 441.79583740234375,
            "velX": 1.5,
            "velY": 3.6000001430511475
        },
        {
            "colores": [
                205,
                41,
                236
            ],
            "posX": 762,
            "posY": 207.19927978515625,
            "velX": 3.999999761581421,
            "velY": 0.899999737739563
        },
        {
            "colores": [
                124,
                70,
                227
            ],
            "posX": 687.999267578125,
            "posY": 33.80010986328125,
            "velX": 1.3999998569488525,
            "velY": -3.8999998569488525
        },
        {
            "colores": [
                141,
                231,
                232
            ],
            "posX": 331.60296630859375,
            "posY": 389.39874267578125,
            "velX": 1.2000000476837158,
            "velY": -2.6999998092651367
        },
        {
            "colores": [
                201,
                159,
                51
            ],
            "posX": 696.3972778320312,
            "posY": 220.19964599609375,
            "velX": 0.7999998331069946,
            "velY": 1.899999976158142
        },
        {
            "colores": [
                88,
                49,
                183
            ],
            "posX": 621.5985717773438,
            "posY": 543.398193359375,
            "velX": 2.1000001430511475,
            "velY": 2.3000001907348633
        },
        {
            "colores": [
                88,
                23,
                5
            ],
            "posX": 498.1985168457031,
            "posY": 163,
            "velX": -2.5999999046325684,
            "velY": -3.5
        },
        {
            "colores": [
                198,
                205,
                178
            ],
            "posX": 5.797780990600586,
            "posY": 481.39813232421875,
            "velX": 0.6000000238418579,
            "velY": 2.3000001907348633
        },
        {
            "colores": [
                116,
                130,
                14
            ],
            "posX": 512,
            "posY": 510.2030029296875,
            "velX": 2.5,
            "velY": 3.3999996185302734
        },
        {
            "colores": [
                233,
                112,
                135
            ],
            "posX": 743.6018676757812,
            "posY": 177.6016387939453,
            "velX": 3.700000047683716,
            "velY": 0.6999999284744263
        },
        {
            "colores": [
                62,
                103,
                252
            ],
            "posX": 771.6023559570312,
            "posY": 65.19975280761719,
            "velX": 1.7000001668930054,
            "velY": -1.5999999046325684
        },
        {
            "colores": [
                150,
                107,
                220
            ],
            "posX": 269.7959899902344,
            "posY": 234.39894104003906,
            "velX": 2.5999999046325684,
            "velY": 2.799999713897705
        },
        {
            "colores": [
                59,
                176,
                236
            ],
            "posX": 1063.208251953125,
            "posY": 489.602294921875,
            "velX": 4.900000095367432,
            "velY": -1.8000000715255737
        },
        {
            "colores": [
                24,
                236,
                84
            ],
            "posX": 419,
            "posY": 260.80230712890625,
            "velX": 2.4000000953674316,
            "velY": 3.6000001430511475
        },
        {
            "colores": [
                251,
                67,
                254
            ],
            "posX": 116.39712524414062,
            "posY": 380.60235595703125,
            "velX": 2.799999713897705,
            "velY": 1.7000001668930054
        },
        {
            "colores": [
                230,
                209,
                41
            ],
            "posX": 576.602783203125,
            "posY": 222.80072021484375,
            "velX": 0.19999980926513672,
            "velY": 0.6000000238418579
        },
        {
            "colores": [
                190,
                216,
                117
            ],
            "posX": 603.209228515625,
            "posY": 94.19933319091797,
            "velX": 3.8999998569488525,
            "velY": -0.6000000238418579
        },
        {
            "colores": [
                153,
                168,
                187
            ],
            "posX": 1015.6046142578125,
            "posY": 566.8009643554688,
            "velX": 4.700000286102295,
            "velY": 2.0999999046325684
        },
        {
            "colores": [
                5,
                179,
                241
            ],
            "posX": 425.7977294921875,
            "posY": 831.6046142578125,
            "velX": 0.6000000238418579,
            "velY": 4.700000286102295
        },
        {
            "colores": [
                229,
                58,
                161
            ],
            "posX": 446.1978759765625,
            "posY": 508.1984558105469,
            "velX": -3.0999999046325684,
            "velY": -2.5999999046325684
        }
    ],
    "autor": "Nacho",
    "version": {
        "fecha": "2023-11-30 19:05:08",
        "sistema operativo": "linus",
        "subversion": "3.0",
        "version": "2.0"
    }
}
